Samsung A10,R$ 400,12x de R$ 33,33,Hoje,21:04,Maceió, Jacintinho - DDD 82
iPhone,R$ 900,Hoje,21:04,Maceió, Centro - DDD 82
Microfone profissional,Online,R$ 250,Hoje,21:03,Maceió, Vergel do Lago - DDD 82
Fonte notebook Positivo,R$ 60,Hoje,21:03,Maceió, Farol - DDD 82
Xiaomi Mi 9t,R$ 1.800,Hoje,21:03,Maceió - DDD 82
XIAOMI NOTE 10 S VERSÃO 8 GB DE RAM,Online,R$ 1.700,Hoje,21:02,Maceió, Barro Duro - DDD 82
iPhone 8 Plus 64GB,Online,R$ 2.250,Hoje,21:02,Maceió, Benedito Bentes - DDD 82
Laterninha,R$ 90,9x de R$ 10,00,Hoje,21:01,Maceió, Santos Dumont - DDD 82
Notebook Samsung,Online,R$ 2.600,12x de R$ 216,67,Hoje,21:01,Rio Largo - DDD 82
Conversor digital,R$ 150,12x de R$ 12,50,Hoje,21:01,Pilar - DDD 82
Novo,R$ 4.139,12x de R$ 344,92,Hoje,21:01,Maceió, Santos Dumont - DDD 82
Tv philco 40 polegadas,R$ 1.200,R$ 1.500,12x de R$ 100,00,Hoje,21:01,Maceió, Cidade Universitária - DDD 82
Samsung A51 128gb,R$ 1.400,12x de R$ 116,67,Hoje,21:01,Maceió, Cidade Universitária - DDD 82
IPHONE 8 64GB.,R$ 1.600,12x de R$ 133,33,Hoje,21:01,União dos Palmares - DDD 82
Fone de ouvido com fino JBL,R$ 20,2x de R$ 10,00,Hoje,21:01,Maceió, Tabuleiro do Martins - DDD 82
Caixa de grave de 15 polegadas,R$ 800,12x de R$ 66,67,Hoje,21:01,Arapiraca, Bom Sucesso - DDD 82
Som Samsung giga 2.000 rms,R$ 1.000,12x de R$ 83,33,Hoje,21:01,Maceió, Santos Dumont - DDD 82
Xbox One S 1 TB 1400,R$ 1.400,Hoje,21:01,Maceió, Santos Dumont - DDD 82
PlayStation 4,R$ 1.700,Hoje,21:01,Maceió, Ponta Verde - DDD 82
Iphone 7 32G,R$ 550,12x de R$ 45,83,Hoje,21:01,Maceió, Antares - DDD 82
Vende se celular 9s,R$ 950,Hoje,21:01,Joaquim Gomes - DDD 82
Iphone 6,R$ 250,12x de R$ 20,83,Hoje,21:01,Maceió, Jardim Petrópolis - DDD 82
Microfone profissional,Online,R$ 250,Hoje,21:01,Maceió, Vergel do Lago - DDD 82
Freio de mão semi-novo,R$ 150,R$ 200,12x de R$ 12,50,Hoje,21:01,Maceió, Petrópolis - DDD 82
Processador Desktop Intel 1155 3ª geração,R$ 400,12x de R$ 33,33,Hoje,21:01,Maceió, Santa Lúcia - DDD 82
Filmadora Panasonic x23,R$ 130,12x de R$ 10,83,Hoje,21:01,Maceió, Cidade Universitária - DDD 82
Case Tab S6,R$ 100,10x de R$ 10,00,Hoje,21:01,Maceió, Serraria - DDD 82
Iphone 13 pro max 128gb,R$ 8.100,Hoje,21:01,Maceió, Jatiúca - DDD 82
placa de video gtx 1060 6gb Pny,R$ 2.000,12x de R$ 166,67,Hoje,21:01,Maceió, Clima Bom - DDD 82
Iwo 13 Max faz e recebe ligação,Online,R$ 140,12x de R$ 11,67,Hoje,21:01,Maceió, Jardim Petrópolis - DDD 82
Iwo W37 PRO - Séries 7 lançamento,Online,R$ 250,12x de R$ 20,83,Hoje,21:01,Maceió, Jardim Petrópolis - DDD 82
Smartwatch X8 Max - Faz e recebe ligação,Online,R$ 140,12x de R$ 11,67,Hoje,21:01,Maceió, Jardim Petrópolis - DDD 82
Fone bluetooth lançamento- Promoção,Online,R$ 55,5x de R$ 11,00,Hoje,21:01,Maceió, Jardim Petrópolis - DDD 82
MICROSCOPIO TRINOCULAR PROFISSIONAL PARA<br><br>MICROELETRONICA ZOOM 7X ATE 45X semi-novo,R$ 3.500,12x de R$ 291,67,Hoje,21:01,Maceió, Ponta da Terra - DDD 82
Tv box,R$ 350,12x de R$ 29,17,Hoje,21:01,Maceió, Santa Lúcia - DDD 82
Venda,R$ 1.300,12x de R$ 108,33,Hoje,21:01,Maceió, Ponta Grossa - DDD 82
Placa de vídeo,R$ 3.300,12x de R$ 275,00,Hoje,21:01,Arapiraca, Alto do Cruzeiro - DDD 82
Som LG 1350,R$ 800,12x de R$ 66,67,Hoje,21:01,Maceió, Jardim Petrópolis - DDD 82
Máquina fotográfica Samsung led Wifi,Online,R$ 200,12x de R$ 16,67,Hoje,21:01,Maceió, Benedito Bentes - DDD 82
Xbox one S aldigital 1tb completo bem conservado,Online,R$ 1.499,Hoje,21:01,Marechal Deodoro - DDD 82
Smartwatch X8 Max - Lançamento,Online,R$ 140,12x de R$ 11,67,Hoje,21:01,Maceió, Jardim Petrópolis - DDD 82
Som Aiwa,R$ 500,12x de R$ 41,67,Hoje,21:01,Maceió, Jacintinho - DDD 82
Case iPhone,R$ 100,10x de R$ 10,00,Hoje,21:01,Maceió, Centro - DDD 82
Computador rota tudo top,R$ 1.800,12x de R$ 150,00,Hoje,21:01,Maceió, Clima Bom - DDD 82
Roteador Intelbras IWR 3000N,R$ 69,R$ 90,6x de R$ 11,50,Hoje,21:01,Arapiraca, São Luiz - DDD 82
Moto g 9 play,R$ 900,12x de R$ 75,00,Hoje,21:01,Maceió, Poço - DDD 82
TV A0C 43 polegadas nova,R$ 1.500,12x de R$ 125,00,Hoje,21:01,Maceió, Benedito Bentes - DDD 82
Alexa Amazon,R$ 300,12x de R$ 25,00,Hoje,21:01,Maceió, Jacintinho - DDD 82
Notebook Acer NOVO NUNCA USADO,R$ 2.800,R$ 3.200,12x de R$ 233,33,Hoje,21:01,Arapiraca - DDD 82
Chapinha,R$ 50,5x de R$ 10,00,Hoje,21:01,Maceió, Barro Duro - DDD 82
